words,
olivia,
emma,
charlotte,
amelia,
ava,
sophia,
isabella,
mia,
evelyn,
harper,
luna,
camila,
gianna,
elizabeth,
eleanor,
ella,
abigail,
sofia,
avery,
scarlett,
emily,
aria,
penelope,
chloe,
layla,
mila,
nora,
hazel,
madison,
ellie,
lily,
nova,
isla,
grace,
violet,
aurora,
riley,
zoey,
willow,
emilia,
stella,
zoe,
victoria,
hannah,
addison,
leah,
lucy,
eliana,
ivy,
everly,
lillian,
paisley,
elena,
naomi,
maya,
natalie,
kinsley,
delilah,
claire,
audrey,
aaliyah,
ruby,
brooklyn,
alice,
aubrey,
autumn,
leilani,
savannah,
valentina,
kennedy,
madelyn,
josephine,
bella,
skylar,
genesis,
sophie,
hailey,
sadie,
natalia,
quinn,
caroline,
allison,
gabriella,
anna,
serenity,
nevaeh,
cora,
ariana,
emery,
lydia,
jade,
sarah,
eva,
adeline,
madeline,
piper,
rylee,
athena,
peyton,
everleigh,
vivian,
clara,
raelynn,
liliana,
samantha,
maria,
iris,
ayla,
eloise,
lyla,
eliza,
hadley,
melody,
julia,
parker,
rose,
isabelle,
brielle,
adalynn,
arya,
eden,
remi,
mackenzie,
maeve,
margaret,
reagan,
charlie,
alaia,
melanie,
josie,
elliana,
cecilia,
mary,
daisy,
alina,
lucia,
ximena,
juniper,
kaylee,
magnolia,
summer,
adalyn,
sloane,
amara,
arianna,
isabel,
reese,
emersyn,
sienna,
kehlani,
river,
freya,
valerie,
blakely,
genevieve,
esther,
valeria,
katherine,
kylie,
norah,
amaya,
bailey,
ember,
ryleigh,
georgia,
catalina,
emerson,
alexandra,
faith,
jasmine,
ariella,
ashley,
andrea,
millie,
june,
khloe,
callie,
juliette,
sage,
ada,
anastasia,
olive,
alani,
brianna,
rosalie,
molly,
brynlee,
amy,
ruth,
aubree,
gemma,
taylor,
oakley,
margot,
arabella,
sara,
journee,
harmony,
blake,
alaina,
aspen,
noelle,
selena,
oaklynn,
morgan,
londyn,
zuri,
aliyah,
jordyn,
juliana,
finley,
presley,
zara,
leila,
marley,
sawyer,
amira,
lilly,
london,
kimberly,
elsie,
ariel,
lila,
alana,
diana,
kamila,
nyla,
vera,
hope,
annie,
kaia,
myla,
alyssa,
angela,
ana,
lennon,
evangeline,
harlow,
rachel,
gracie,
rowan,
laila,
elise,
sutton,
lilah,
adelyn,
phoebe,
octavia,
sydney,
mariana,
wren,
lainey,
vanessa,
teagan,
kayla,
malia,
elaina,
saylor,
brooke,
lola,
miriam,
alayna,
adelaide,
daniela,
jane,
payton,
journey,
lilith,
delaney,
dakota,
mya,
charlee,
alivia,
annabelle,
kailani,
lucille,
trinity,
gia,
tatum,
raegan,
camille,
kaylani,
kali,
stevie,
maggie,
haven,
tessa,
daphne,
adaline,
hayden,
joanna,
jocelyn,
lena,
evie,
juliet,
fiona,
cataleya,
angelina,
leia,
paige,
julianna,
milani,
talia,
rebecca,
kendall,
harley,
lia,
phoenix,
dahlia,
logan,
camilla,
thea,
jayla,
brooklynn,
blair,
vivienne,
hallie,
madilyn,
mckenna,
evelynn,
ophelia,
celeste,
alayah,
winter,
catherine,
collins,
nina,
briella,
palmer,
noa,
mckenzie,
kiara,
amari,
adriana,
gracelynn,
lauren,
cali,
kalani,
aniyah,
nicole,
alexis,
mariah,
gabriela,
wynter,
amina,
ariyah,
adelynn,
remington,
reign,
alaya,
dream,
alexandria,
willa,
avianna,
makayla,
gracelyn,
elle,
amiyah,
arielle,
elianna,
giselle,
brynn,
ainsley,
aitana,
charli,
demi,
makenna,
rosemary,
danna,
izabella,
lilliana,
melissa,
samara,
lana,
mabel,
everlee,
fatima,
leighton,
esme,
raelyn,
madeleine,
nayeli,
camryn,
kira,
annalise,
selah,
serena,
royalty,
rylie,
celine,
laura,
brinley,
frances,
michelle,
heidi,
rory,
sabrina,
destiny,
gwendolyn,
alessandra,
poppy,
amora,
nylah,
luciana,
maisie,
miracle,
joy,
liana,
raven,
shiloh,
allie,
daleyza,
kate,
lyric,
alicia,
lexi,
addilyn,
anaya,
malani,
paislee,
elisa,
kayleigh,
azalea,
francesca,
jordan,
regina,
viviana,
aylin,
skye,
daniella,
makenzie,
veronica,
legacy,
maia,
ariah,
alessia,
carmen,
astrid,
maren,
helen,
felicity,
alexa,
danielle,
lorelei,
paris,
adelina,
bianca,
gabrielle,
jazlyn,
scarlet,
bristol,
navy,
esmeralda,
colette,
stephanie,
jolene,
marlee,
sarai,
hattie,
nadia,
rosie,
kamryn,
kenzie,
alora,
holly,
matilda,
sylvia,
cameron,
armani,
emelia,
keira,
braelynn,
jacqueline,
alison,
amanda,
cassidy,
emory,
ari,
haisley,
jimena,
jessica,
elaine,
dorothy,
mira,
eve,
oaklee,
averie,
charleigh,
lyra,
madelynn,
angel,
edith,
jennifer,
raya,
ryan,
heaven,
kyla,
wrenley,
meadow,
carter,
kora,
saige,
kinley,
maci,
mae,
salem,
aisha,
adley,
carolina,
sierra,
alma,
helena,
bonnie,
mylah,
briar,
aurelia,
leona,
macie,
maddison,
april,
aviana,
lorelai,
alondra,
kennedi,
monroe,
emely,
maliyah,
ailani,
madilynn,
renata,
katie,
zariah,
imani,
amber,
analia,
ariya,
anya,
emberly,
emmy,
mara,
maryam,
dior,
mckinley,
virginia,
amalia,
mallory,
opal,
shelby,
clementine,
remy,
xiomara,
elliott,
elora,
katalina,
antonella,
skyler,
hanna,
kaliyah,
alanna,
haley,
itzel,
cecelia,
jayleen,
kensley,
beatrice,
journi,
dylan,
ivory,
yaretzi,
meredith,
sasha,
gloria,
oaklyn,
sloan,
abby,
davina,
lylah,
erin,
reyna,
kaitlyn,
michaela,
nia,
fernanda,
jaliyah,
jenna,
sylvie,
miranda,
anne,
mina,
myra,
aleena,
alia,
frankie,
ellis,
kathryn,
nalani,
nola,
jemma,
lennox,
marie,
angelica,
cassandra,
calliope,
adrianna,
ivanna,
zelda,
faye,
karsyn,
oakleigh,
dayana,
amirah,
megan,
siena,
reina,
rhea,
julieta,
malaysia,
henley,
liberty,
leslie,
alejandra,
kelsey,
charley,
capri,
priscilla,
zariyah,
savanna,
emerie,
christina,
skyla,
macy,
mariam,
melina,
chelsea,
dallas,
laurel,
briana,
holland,
lilian,
amaia,
blaire,
margo,
louise,
rosalia,
aleah,
bethany,
flora,
kylee,
kendra,
sunny,
laney,
tiana,
chaya,
ellianna,
milan,
aliana,
estella,
julie,
yara,
rosa,
cheyenne,
emmie,
carly,
janelle,
kyra,
naya,
malaya,
sevyn,
lina,
mikayla,
jayda,
leyla,
eileen,
irene,
karina,
aileen,
aliza,
kataleya,
kori,
indie,
lara,
romina,
jada,
kimber,
amani,
liv,
treasure,
louisa,
marleigh,
winnie,
kassidy,
noah,
monica,
keilani,
zahra,
zaylee,
hadassah,
jamie,
allyson,
anahi,
maxine,
karla,
khaleesi,
johanna,
penny,
hayley,
marilyn,
della,
freyja,
jazmin,
kenna,
ashlyn,
florence,
ezra,
melany,
murphy,
sky,
marina,
noemi,
coraline,
selene,
bridget,
alaiya,
angie,
fallon,
thalia,
rayna,
martha,
halle,
estrella,
joelle,
kinslee,
roselyn,
theodora,
jolie,
dani,
elodie,
halo,
nala,
promise,
justice,
nellie,
novah,
estelle,
jenesis,
miley,
hadlee,
janiyah,
waverly,
braelyn,
pearl,
aila,
katelyn,
sariyah,
azariah,
bexley,
giana,
lea,
cadence,
mavis,
ila,
rivka,
jovie,
yareli,
bellamy,
kamiyah,
kara,
baylee,
jianna,
kai,
alena,
novalee,
elliot,
livia,
ashlynn,
denver,
emmalyn,
persephone,
marceline,
jazmine,
kiana,
mikaela,
aliya,
galilea,
harlee,
jaylah,
lillie,
mercy,
ensley,
bria,
kallie,
celia,
berkley,
ramona,
jaylani,
jessie,
aubrie,
madisyn,
paulina,
averi,
aya,
chana,
milana,
cleo,
iyla,
cynthia,
hana,
lacey,
andi,
giuliana,
milena,
leilany,
saoirse,
adele,
drew,
bailee,
hunter,
rayne,
anais,
kamari,
paula,
rosalee,
teresa,
zora,
avah,
belen,
greta,
layne,
scout,
zaniyah,
amelie,
dulce,
chanel,
clare,
rebekah,
giovanna,
ellison,
isabela,
kaydence,
rosalyn,
royal,
alianna,
august,
nyra,
vienna,
amoura,
anika,
harmoni,
kelly,
linda,
aubriella,
kairi,
ryann,
avayah,
gwen,
whitley,
noor,
khalani,
marianna,
addyson,
annika,
karter,
vada,
tiffany,
artemis,
clover,
laylah,
paisleigh,
elyse,
kaisley,
veda,
zendaya,
simone,
alexia,
alisson,
angelique,
ocean,
elia,
lilianna,
maleah,
avalynn,
marisol,
goldie,
malayah,
emmeline,
paloma,
raina,
brynleigh,
chandler,
valery,
adalee,
tinsley,
violeta,
baylor,
lauryn,
marlowe,
birdie,
jaycee,
lexie,
loretta,
lilyana,
princess,
shay,
hadleigh,
natasha,
indigo,
zaria,
addisyn,
deborah,
leanna,
barbara,
kimora,
emerald,
raquel,
julissa,
robin,
austyn,
dalia,
nyomi,
ellen,
kynlee,
salma,
luella,
zayla,
addilynn,
giavanna,
samira,
amaris,
madalyn,
scarlette,
stormi,
etta,
ayleen,
brittany,
brylee,
araceli,
egypt,
iliana,
paityn,
zainab,
billie,
haylee,
india,
kaiya,
nancy,
clarissa,
mazikeen,
taytum,
aubrielle,
rylan,
ainhoa,
aspyn,
elina,
elsa,
magdalena,
kailey,
arleth,
joyce,
judith,
crystal,
emberlynn,
landry,
paola,
braylee,
guinevere,
aarna,
aiyana,
kahlani,
lyanna,
sariah,
itzayana,
aniya,
frida,
jaylene,
kiera,
loyalty,
azaria,
jaylee,
kamilah,
keyla,
kyleigh,
micah,
nataly,
kathleen,
zoya,
meghan,
soraya,
zoie,
arlette,
zola,
luisa,
vida,
ryder,
tatiana,
tori,
aarya,
eleanora,
sandra,
soleil,
annabella,
ansley,
ingrid,
jaylin,
jillian,
majesty,
avani,
jaelynn,
saanvi,
cordelia,
gianni,
kaya,
kaylie,
nori,
elisabeth,
aislinn,
jream,
rosalina,
casey,
love,
lilia,
maisy,
marigold,
alyson,
amayah,
whitney,
cara,
corinne,
lakelynn,
lisa,
tallulah,
claudia,
emiliana,
violette,
guadalupe,
luz,
ayah,
jazlynn,
shea,
amal,
aura,
ehlani,
maddie,
marcella,
nairobi,
sarahi,
yasmin,
belle,
elowyn,
lakelyn,
spencer,
harriet,
laylani,
rae,
sol,
dixie,
emberlyn,
yamileth,
nathalia,
zhuri,
dalary,
emani,
indy,
korra,
lenora,
maylee,
vayda,
winifred,
araya,
blessing,
micaela,
rowyn,
xyla,
ruthie,
danica,
jaelyn,
jhene,
raylee,
dana,
miah,
keily,
kenia,
mattie,
patience,
taliyah,
emmaline,
jana,
seraphina,
arden,
desiree,
everley,
karen,
leylani,
lottie,
meilani,
aliah,
carsyn,
jurnee,
kingsley,
ann,
keziah,
myah,
nathaly,
sapphire,
susan,
aleia,
ayra,
erika,
esperanza,
melani,
rilynn,
ariadna,
rhiannon,
heavenly,
ayana,
emmalynn,
renee,
tru,
zaira,
beatrix,
darcy,
harleigh,
joselyn,
malka,
quincy,
carla,
carolyn,
ida,
memphis,
devyn,
elouise,
leena,
lizbeth,
nathalie,
queen,
reya,
tilly,
scottie,
true,
christine,
kaylin,
aylah,
ellery,
karlee,
ciara,
londynn,
sailor,
agnes,
amethyst,
annalee,
antonia,
arely,
ariadne,
jubilee,
riya,
zyla,
aminah,
campbell,
meera,
tara,
aadhya,
jayde,
patricia,
raylynn,
robyn,
dalilah,
emilie,
janessa,
kacey,
khadija,
madalynn,
milah,
viola,
ayanna,
kinsleigh,
maliah,
alaiyah,
alannah,
amiya,
mollie,
neveah,
roxanne,
adrienne,
betty,
ivana,
lailah,
bernadette,
hailee,
libby,
yuna,
celina,
chiara,
margaux,
adela,
akira,
andie,
evalyn,
vivianna,
lillianna,
elayna,
kamora,
kassandra,
erica,
kinzley,
miya,
zahara,
brenda,
farrah,
perla,
maelynn,
rubi,
cherish,
journei,
wendy,
kaleah,
kamilla,
katerina,
lailani,
lindsey,
jewel,
sally,
alba,
caylee,
cielo,
inaya,
kaelyn,
maisyn,
siya,
sonia,
alisa,
arlet,
avalyn,
alya,
denise,
gaia,
marjorie,
mercedes,
xena,
amia,
ayva,
beverly,
cassie,
elani,
tenley,
anniston,
atlas,
darla,
emberlee,
lianna,
marissa,
alisha,
alyvia,
cambria,
evalynn,
kadence,
mariella,
mazie,
nahla,
sharon,
aylani,
amyra,
evelina,
jasmin,
layan,
abril,
elowen,
emilee,
solana,
zella,
moriah,
sterling,
dalett,
kamille,
nayla,
rowen,
rylynn,
arisbeth,
dania,
yaritza,
ziva,
kailyn,
tinley,
aida,
giada,
journie,
dina,
jessa,
joey,
laken,
leela,
prisha,
hensley,
selina,
colbie,
emi,
emmarie,
amiri,
irie,
kalia,
lettie,
noel,
vaeda,
finnley,
giulia,
janae,
jovi,
karlie,
marian,
winona,
elinor,
georgina,
heather,
karma,
mireya,
ripley,
carson,
eleni,
kiyomi,
kristina,
rosalind,
adira,
annette,
onyx,
denisse,
kaira,
saniyah,
serafina,
yasmine,
annabel,
carina,
ira,
adilynn,
kyndall,
lilyanna,
zarah,
aimee,
imogen,
miller,
santana,
sia,
tegan,
zaya,
honesty,
yusra,
addie,
bayleigh,
elissa,
hollis,
inara,
kaylynn,
kollyns,
nailah,
samiyah,
aanya,
addalyn,
adilene,
jazzlyn,
juana,
kenya,
sidney,
silvia,
tabitha,
valencia,
amiah,
brynnlee,
leilah,
marlie,
renesmee,
stacy,
bryleigh,
kailany,
kasey,
lorraine,
mirha,
raine,
lorena,
amarah,
ameera,
brayleigh,
farah,
kylah,
maizie,
adalina,
asha,
kaycee,
lavender,
legaci,
maryjane,
roslyn,
shayla,
kailee,
zinnia,
angeline,
austin,
carlee,
joan,
katrina,
lucie,
pepper,
roselynn,
vivien,
ariela,
brenna,
dariana,
joslyn,
liah,
melania,
anita,
aubri,
belinda,
blayke,
cristina,
ireland,
jayden,
rori,
grecia,
safiya,
wrenlee,
diamond,
inaaya,
khari,
xochitl,
aranza,
clarke,
katarina,
montana,
montserrat,
novaleigh,
odette,
petra,
rita,
annelise,
anyla,
echo,
emeri,
evangelina,
rain,
symphony,
anayah,
ashtyn,
elara,
essence,
gwyneth,
lindsay,
mariyah,
marlow,
navi,
zia,
alissa,
arwen,
evaluna,
lesly,
romy,
salome,
susanna,
tala,
theresa,
ailany,
ally,
delia,
jersey,
rosalynn,
tyler,
aryah,
jenny,
kapri,
kelani,
kodi,
naila,
shoshana,
zion,
asia,
carmella,
kenley,
lincoln,
monserrat,
rebeca,
suri,
ailyn,
baila,
diya,
ivey,
kayleen,
milagros,
riverlynn,
addalynn,
aleyna,
althea,
ayesha,
breanna,
ester,
shyla,
tess,
audra,
harlem,
janiya,
nicolette,
amilia,
dailyn,
fern,
jalayah,
khalia,
kya,
lula,
martina,
sanai,
storm,
vivianne,
brynley,
emme,
kalina,
krystal,
larissa,
gitty,
ines,
mari,
marlene,
adalie,
anaiah,
ashton,
bryn,
calista,
eliyanah,
gentry,
lotus,
yael,
zelie,
agatha,
aryana,
bowie,
devorah,
jalani,
jaylynn,
julietta,
kianna,
liya,
liza,
maite,
maple,
mika,
stori,
amor,
azul,
cattleya,
hollyn,
isabell,
isadora,
laynie,
preslee,
raleigh,
venus,
alessa,
alessi,
bentley,
brinlee,
calla,
carmela,
esmae,
jordynn,
julianne,
millicent,
raeleigh,
sofie,
yarely,
arizbeth,
aryanna,
bennett,
blakelyn,
cori,
elin,
everest,
kamiya,
kari,
nelly,
rhyan,
rhylee,
adina,
avyanna,
charity,
eisley,
kristen,
mileena,
oriana,
rihanna,
addelyn,
audrina,
eliette,
honey,
jamila,
keren,
linnea,
sahara,
tia,
zadie,
aislynn,
alanah,
anneliese,
cooper,
dara,
geneva,
geraldine,
italy,
jael,
nariah,
rayleigh,
skylynn,
wesley,
zylah,
alex,
arie,
bryanna,
inez,
jupiter,
kaelynn,
kaliah,
laine,
marcela,
rebel,
reece,
violetta,
coral,
hafsa,
janie,
karmen,
lakyn,
maelyn,
mariela,
mayra,
nadine,
sherlyn,
tillie,
yuliana,
alaysia,
avaya,
lori,
marion,
natalee,
paulette,
yvette,
zaina,
ziya,
aracely,
cecily,
damaris,
jude,
kenzley,
lucero,
lucinda,
merritt,
nechama,
star,
zaynab,
aadya,
adore,
ahlani,
briley,
caitlyn,
dayanna,
emry,
kalea,
marin,
odessa,
rosemarie,
toni,
wilhelmina,
alaiah,
aleyah,
aviva,
beckett,
elyana,
juno,
laikyn,
moira,
avalon,
edie,
lidia,
neriah,
noelani,
sybil,
yuri,
amariah,
carley,
charlize,
elana,
jaleah,
kailynn,
karis,
leticia,
liyana,
rio,
saira,
skylah,
walker,
annalia,
bree,
camden,
cienna,
courtney,
danae,
emori,
eris,
iva,
jailyn,
judy,
karley,
khadijah,
kyrie,
may,
noelia,
nyah,
priya,
shannon,
temperance,
unique,
haddie,
letty,
ramsey,
rayla,
safa,
alara,
ananya,
annabeth,
empress,
iyanna,
lois,
malky,
sunnie,
yazmin,
amya,
anabella,
asiya,
camellia,
eila,
harlyn,
kenzi,
khelani,
milly,
natalya,
zhavia,
alanis,
ameerah,
chevelle,
ela,
elly,
janyla,
leni,
lizeth,
regan,
rue,
serene,
tahlia,
isha,
jahzara,
karleigh,
laniyah,
sahana,
saphira,
winry,
aiyanna,
alita,
britney,
honor,
leora,
naylani,
pippa,
rivky,
shae,
shanaya,
arlene,
ayat,
charm,
chava,
danika,
eiza,
luca,
makena,
sheila,
blessyn,
charlene,
elsy,
ever,
hartley,
hawa,
kalayah,
presleigh,
sana,
taelynn,
taliah,
verity,
yesenia,
ahana,
annaliese,
arizona,
blakelynn,
cindy,
haizley,
izabel,
jazmyn,
kenzlee,
sama,
samaira,
taya,
wednesday,
yamilet,
anylah,
aries,
audriana,
blakeleigh,
emrie,
estela,
faigy,
gisselle,
kaila,
lillith,
malak,
pamela,
xitlali,
adaleigh,
america,
azula,
carleigh,
elliette,
emmi,
eowyn,
indiana,
isis,
jia,
kaci,
keiry,
lane,
lela,
luana,
macey,
pia,
valkyrie,
wrenly,
zamora,
brighton,
emmalee,
maddox,
yaneli,
yehudis,
constance,
daenerys,
jacquelyn,
kynslee,
nila,
nuri,
perry,
sanaa,
sarina,
adalia,
aoife,
beatriz,
ilana,
izabelle,
karolina,
liz,
lux,
naveah,
rochel,
saniya,
tianna,
adora,
akshara,
avril,
dafne,
ema,
klara,
kynnedi,
malina,
sunday,
amiracle,
armoni,
ashly,
delta,
donna,
gina,
graciela,
harlynn,
jazelle,
kaleigh,
lynlee,
niya,
romi,
tania,
amberly,
baker,
braylynn,
diane,
ellowyn,
kit,
kollins,
miyah,
naima,
renley,
rosalinda,
shirley,
starr,
tamara,
adlee,
ali,
arayah,
areli,
ashanti,
darlene,
daylin,
deanna,
divine,
estefany,
hudson,
jaclyn,
kalliope,
kelsie,
madyson,
maven,
shania,
taelyn,
analise,
annaleigh,
annistyn,
asher,
delanie,
heidy,
jamiyah,
kyler,
lua,
marlo,
mildred,
tiara,
aavya,
aira,
anabelle,
carlie,
dalila,
eliora,
eloisa,
emberleigh,
gracyn,
halima,
jaslyn,
kobi,
litzy,
maleni,
marli,
melia,
noella,
nour,
tamia,
zulema,
aiza,
aniston,
katelynn,
raizy,
taylin,
zayda,
liam,
noah,
oliver,
elijah,
james,
william,
benjamin,
lucas,
henry,
theodore,
jack,
levi,
alexander,
jackson,
mateo,
daniel,
michael,
mason,
sebastian,
ethan,
logan,
owen,
samuel,
jacob,
asher,
aiden,
john,
joseph,
wyatt,
david,
leo,
luke,
julian,
hudson,
grayson,
matthew,
ezra,
gabriel,
carter,
isaac,
jayden,
luca,
anthony,
dylan,
lincoln,
thomas,
maverick,
elias,
josiah,
charles,
caleb,
christopher,
ezekiel,
miles,
jaxon,
isaiah,
andrew,
joshua,
nathan,
nolan,
adrian,
cameron,
santiago,
eli,
aaron,
ryan,
angel,
cooper,
waylon,
easton,
kai,
christian,
landon,
colton,
roman,
axel,
brooks,
jonathan,
robert,
jameson,
ian,
everett,
greyson,
wesley,
jeremiah,
hunter,
leonardo,
jordan,
jose,
bennett,
silas,
nicholas,
parker,
beau,
weston,
austin,
connor,
carson,
dominic,
xavier,
jaxson,
jace,
emmett,
adam,
declan,
rowan,
micah,
kayden,
gael,
river,
ryder,
kingston,
damian,
sawyer,
luka,
evan,
vincent,
legend,
myles,
harrison,
august,
bryson,
amir,
giovanni,
chase,
diego,
milo,
jasper,
walker,
jason,
brayden,
cole,
nathaniel,
george,
lorenzo,
zion,
luis,
archer,
enzo,
jonah,
thiago,
theo,
ayden,
zachary,
calvin,
braxton,
ashton,
rhett,
atlas,
jude,
bentley,
carlos,
ryker,
adriel,
arthur,
ace,
tyler,
jayce,
max,
elliot,
graham,
kaiden,
maxwell,
juan,
dean,
matteo,
malachi,
ivan,
elliott,
jesus,
emiliano,
messiah,
gavin,
maddox,
camden,
hayden,
leon,
antonio,
justin,
tucker,
brandon,
kevin,
judah,
finn,
king,
brody,
xander,
nicolas,
charlie,
arlo,
emmanuel,
barrett,
felix,
alex,
miguel,
abel,
alan,
beckett,
amari,
karter,
timothy,
abraham,
jesse,
zayden,
blake,
alejandro,
dawson,
tristan,
victor,
avery,
joel,
grant,
eric,
patrick,
peter,
richard,
edward,
andres,
emilio,
colt,
knox,
beckham,
adonis,
kyrie,
matias,
oscar,
lukas,
marcus,
hayes,
caden,
remington,
griffin,
nash,
israel,
steven,
holden,
rafael,
zane,
jeremy,
kash,
preston,
kyler,
jax,
jett,
kaleb,
riley,
simon,
phoenix,
javier,
bryce,
louis,
mark,
cash,
lennox,
paxton,
malakai,
paul,
kenneth,
nico,
kaden,
lane,
kairo,
maximus,
omar,
finley,
atticus,
crew,
brantley,
colin,
dallas,
walter,
brady,
callum,
ronan,
hendrix,
jorge,
tobias,
clayton,
emerson,
damien,
zayn,
malcolm,
kayson,
bodhi,
bryan,
aidan,
cohen,
brian,
cayden,
andre,
niko,
maximiliano,
zander,
khalil,
rory,
francisco,
cruz,
kobe,
reid,
daxton,
derek,
martin,
jensen,
karson,
tate,
muhammad,
jaden,
joaquin,
josue,
gideon,
dante,
cody,
bradley,
orion,
spencer,
angelo,
erick,
jaylen,
julius,
manuel,
ellis,
colson,
cairo,
gunner,
wade,
chance,
odin,
anderson,
kane,
raymond,
cristian,
aziel,
prince,
ezequiel,
jake,
otto,
eduardo,
rylan,
ali,
cade,
stephen,
ari,
kameron,
dakota,
warren,
ricardo,
killian,
mario,
romeo,
cyrus,
ismael,
russell,
tyson,
edwin,
desmond,
nasir,
remy,
tanner,
fernando,
hector,
titus,
lawson,
sean,
kyle,
elian,
corbin,
bowen,
wilder,
armani,
royal,
stetson,
briggs,
sullivan,
leonel,
callan,
finnegan,
jay,
zayne,
marshall,
kade,
travis,
sterling,
raiden,
sergio,
tatum,
cesar,
zyaire,
milan,
devin,
gianni,
kamari,
royce,
malik,
jared,
franklin,
clark,
noel,
marco,
archie,
apollo,
pablo,
garrett,
oakley,
memphis,
quinn,
onyx,
alijah,
baylor,
edgar,
nehemiah,
winston,
major,
rhys,
forrest,
jaiden,
reed,
santino,
troy,
caiden,
harvey,
collin,
solomon,
donovan,
damon,
jeffrey,
kason,
sage,
grady,
kendrick,
leland,
luciano,
pedro,
hank,
hugo,
esteban,
johnny,
kashton,
ronin,
ford,
mathias,
porter,
erik,
johnathan,
frank,
tripp,
casey,
fabian,
leonidas,
baker,
matthias,
philip,
jayceon,
kian,
saint,
ibrahim,
jaxton,
augustus,
callen,
trevor,
ruben,
adan,
conor,
dax,
braylen,
kaison,
francis,
kyson,
andy,
lucca,
mack,
peyton,
alexis,
deacon,
kasen,
kamden,
frederick,
princeton,
braylon,
wells,
nikolai,
iker,
bo,
dominick,
moshe,
cassius,
gregory,
lewis,
kieran,
isaias,
seth,
marcos,
omari,
shane,
keegan,
jase,
asa,
sonny,
uriel,
pierce,
jasiah,
eden,
rocco,
banks,
cannon,
denver,
zaiden,
roberto,
shawn,
drew,
emanuel,
kolton,
ayaan,
ares,
conner,
jalen,
alonzo,
enrique,
dalton,
moses,
koda,
bodie,
jamison,
phillip,
zaire,
jonas,
kylo,
moises,
shepherd,
allen,
kenzo,
mohamed,
keanu,
dexter,
conrad,
bruce,
sylas,
soren,
raphael,
rowen,
gunnar,
sutton,
quentin,
jaziel,
emmitt,
makai,
koa,
maximilian,
brixton,
dariel,
zachariah,
roy,
armando,
corey,
saul,
izaiah,
danny,
davis,
ridge,
yusuf,
ariel,
valentino,
jayson,
ronald,
albert,
gerardo,
ryland,
dorian,
drake,
gage,
rodrigo,
hezekiah,
kylan,
boone,
ledger,
santana,
jamari,
jamir,
lawrence,
reece,
kaysen,
shiloh,
arjun,
marcelo,
abram,
benson,
huxley,
nikolas,
zain,
kohen,
samson,
miller,
donald,
finnley,
kannon,
lucian,
watson,
keith,
westin,
tadeo,
sincere,
boston,
axton,
amos,
chandler,
leandro,
raul,
scott,
reign,
alessandro,
camilo,
derrick,
morgan,
julio,
clay,
edison,
jaime,
augustine,
julien,
zeke,
marvin,
bellamy,
landen,
dustin,
jamie,
krew,
kyree,
colter,
johan,
houston,
layton,
quincy,
case,
atreus,
cayson,
aarav,
darius,
harlan,
justice,
abdiel,
layne,
raylan,
arturo,
taylor,
anakin,
ander,
hamza,
otis,
azariah,
leonard,
colby,
duke,
flynn,
trey,
gustavo,
fletcher,
issac,
sam,
trenton,
callahan,
chris,
mohammad,
rayan,
lionel,
bruno,
jaxxon,
zaid,
brycen,
roland,
dillon,
lennon,
ambrose,
rio,
mac,
ahmed,
samir,
yosef,
tru,
creed,
tony,
alden,
aden,
alec,
carmelo,
dario,
marcel,
roger,
ty,
ahmad,
emir,
landyn,
skyler,
mohammed,
dennis,
kareem,
nixon,
rex,
uriah,
lee,
louie,
rayden,
reese,
alberto,
cason,
quinton,
kingsley,
chaim,
alfredo,
mauricio,
caspian,
legacy,
ocean,
ozzy,
briar,
wilson,
forest,
grey,
joziah,
salem,
neil,
remi,
bridger,
harry,
jefferson,
lachlan,
nelson,
casen,
salvador,
magnus,
tommy,
marcellus,
maximo,
jerry,
clyde,
aron,
keaton,
eliam,
lian,
trace,
douglas,
junior,
titan,
cullen,
cillian,
musa,
mylo,
hugh,
tomas,
vincenzo,
westley,
langston,
byron,
kiaan,
loyal,
orlando,
kyro,
amias,
amiri,
jimmy,
vicente,
khari,
brendan,
rey,
ben,
emery,
zyair,
bjorn,
evander,
ramon,
alvin,
ricky,
jagger,
brock,
dakari,
eddie,
blaze,
gatlin,
alonso,
curtis,
kylian,
nathanael,
devon,
wayne,
zakai,
mathew,
rome,
riggs,
aryan,
avi,
hassan,
lochlan,
stanley,
dash,
kaiser,
benicio,
bryant,
talon,
rohan,
wesson,
joe,
noe,
melvin,
vihaan,
zayd,
darren,
enoch,
mitchell,
jedidiah,
brodie,
castiel,
ira,
lance,
guillermo,
thatcher,
ermias,
misael,
jakari,
emory,
mccoy,
rudy,
thaddeus,
valentin,
yehuda,
bode,
madden,
kase,
bear,
boden,
jiraiya,
maurice,
alvaro,
ameer,
demetrius,
eliseo,
kabir,
kellan,
allan,
azrael,
calum,
niklaus,
ray,
damari,
elio,
jon,
leighton,
axl,
dane,
eithan,
eugene,
kenji,
jakob,
colten,
eliel,
nova,
santos,
zahir,
idris,
ishaan,
kole,
korbin,
seven,
alaric,
kellen,
bronson,
franco,
wes,
larry,
mekhi,
jamal,
dilan,
elisha,
brennan,
kace,
van,
felipe,
fisher,
cal,
dior,
judson,
alfonso,
deandre,
rocky,
henrik,
reuben,
anders,
arian,
damir,
jacoby,
khalid,
kye,
mustafa,
jadiel,
stefan,
yousef,
aydin,
jericho,
robin,
wallace,
alistair,
davion,
alfred,
ernesto,
kyng,
everest,
gary,
leroy,
yahir,
braden,
kelvin,
kristian,
adler,
avyaan,
brayan,
jones,
truett,
aries,
joey,
randy,
jaxx,
jesiah,
jovanni,
azriel,
brecken,
harley,
zechariah,
gordon,
jakai,
carl,
graysen,
kylen,
ayan,
branson,
crosby,
dominik,
jabari,
jaxtyn,
kristopher,
ulises,
zyon,
fox,
howard,
salvatore,
turner,
vance,
harlem,
jair,
jakobe,
jeremias,
osiris,
azael,
bowie,
canaan,
elon,
granger,
karsyn,
zavier,
cain,
dangelo,
heath,
yisroel,
gian,
shepard,
harold,
kamdyn,
rene,
rodney,
yaakov,
adrien,
kartier,
cassian,
coleson,
ahmir,
darian,
genesis,
kalel,
agustin,
wylder,
yadiel,
ephraim,
kody,
neo,
ignacio,
osman,
aldo,
abdullah,
cory,
blaine,
dimitri,
khai,
landry,
palmer,
benedict,
leif,
koen,
maxton,
mordechai,
zev,
atharv,
bishop,
blaise,
davian,
foster,
harris,
kacey,
mayson,
merrick,
ronnie,
benny,
juelz,
lyle,
rogelio,
coen,
marc,
sevyn,
stone,
bobby,
crue,
duncan,
abner,
beaux,
boaz,
gerald,
kaisen,
nikko,
zamir,
eliezer,
kyzer,
murphy,
terry,
kamryn,
reginald,
yael,
marlon,
montgomery,
london,
ramiro,
trent,
imran,
billy,
cedric,
jordy,
jairo,
jaxen,
rhodes,
campbell,
cashton,
danilo,
ozias,
syncere,
zackary,
keenan,
alexzander,
decker,
greysen,
lev,
mikael,
tristen,
aspen,
frankie,
gannon,
beck,
brett,
dion,
hollis,
maison,
menachem,
rian,
terrance,
dayton,
shlomo,
kayce,
shai,
shmuel,
darwin,
lyric,
shimon,
slade,
will,
ash,
maxim,
wiley,
yahya,
bentlee,
pierre,
westyn,
kolten,
ollie,
karim,
achilles,
kolson,
kooper,
kross,
rowdy,
aurelio,
true,
yitzchok,
adiel,
lux,
kyren,
monroe,
toby,
zephyr,
braydon,
ernest,
veer,
wren,
nazir,
ralph,
joan,
jerome,
kendall,
mattias,
tzvi,
kolt,
meir,
ren,
vaughn,
jad,
massimo,
ryatt,
casper,
gianluca,
jeffery,
jenson,
jrue,
kruz,
simeon,
ulysses,
cartier,
draven,
marley,
riaan,
dhruv,
jermaine,
jovani,
kaine,
kaius,
markus,
javon,
lucien,
benito,
coleman,
cristiano,
deon,
josias,
knowledge,
macklin,
kaycen,
mariano,
zeus,
dominique,
justus,
teo,
terrell,
edmund,
hakeem,
rolando,
camdyn,
giancarlo,
lazarus,
micheal,
malakhi,
amar,
eleazar,
niam,
torin,
amare,
ivaan,
nickolas,
semaj,
aayan,
gus,
isai,
azaiah,
carlo,
gray,
kilian,
korbyn,
teddy,
benaiah,
canyon,
ever,
gentry,
zayan,
demari,
dwayne,
eren,
laith,
malaki,
norman,
ezrah,
gino,
zen,
izan,
jai,
kanan,
reagan,
randall,
rishi,
cayde,
draco,
jahmir,
willie,
arden,
booker,
bronx,
immanuel,
lenox,
mike,
avraham,
cormac,
gilbert,
xzavier,
andreas,
anton,
jet,
rami,
seamus,
taj,
uziel,
waylen,
aubrey,
chad,
giovani,
kaizen,
kenny,
khaza,
ansel,
denim,
giannis,
isael,
krish,
link,
raheem,
tahj,
elmer,
javion,
aksel,
brent,
loki,
marquis,
payton,
sekani,
viaan,
benton,
bilal,
jakobi,
pierson,
anson,
eliot,
emil,
isa,
jethro,
keon,
maddux,
noble,
rogan,
tiago,
aizen,
clifford,
reyansh,
axle,
brentley,
caysen,
cedar,
cian,
harper,
shia,
skylar,
zack,
kallen,
kolby,
makari,
monte,
oren,
brayson,
deklan,
efrain,
garrison,
krue,
leeland,
shaun,
carmine,
davon,
dovid,
kymani,
oakland,
sire,
terrence,
wylie,
yaseen,
arham,
aydan,
henri,
nikola,
perry,
ross,
taylen,
truth,
tylan,
wolfgang,
lamar,
zakari,
zavian,
bernard,
mars,
akeem,
asaiah,
cortez,
finnick,
gibson,
ishmael,
jessiah,
jessie,
kyaire,
antoine,
chosen,
matheo,
tayden,
dov,
jael,
jasiel,
kenai,
rylen,
aleksander,
brexton,
ean,
eason,
kain,
marcello,
smith,
viktor,
jadon,
jasir,
laken,
mikah,
warner,
yoel,
ziggy,
alton,
barron,
caius,
hans,
natanael,
shea,
sol,
tyrone,
amarion,
gio,
gonzalo,
haven,
jacari,
karsen,
lyam,
milton,
rodolfo,
cru,
deshawn,
xavion,
zayvion,
zeppelin,
aston,
braxtyn,
denzel,
hansel,
huxton,
lucius,
ramsey,
ruger,
sami,
steve,
tariq,
braylin,
deangelo,
isiah,
pharaoh,
quintin,
sunny,
arman,
coby,
darien,
umar,
alessio,
aryeh,
cristobal,
gilberto,
ilan,
jaire,
kashmir,
kenan,
luther,
nick,
rashad,
rylee,
sidney,
avion,
bastian,
carsen,
carver,
darrell,
freddy,
hasan,
kent,
mikhail,
dale,
daylen,
dereck,
elyas,
francesco,
kaizer,
kit,
phineas,
thorin,
zamari,
zephaniah,
fredrick,
gadiel,
jamar,
rayyan,
tristian,
truman,
viraj,
finnian,
perseus,
stephan,
syed,
clarence,
eamon,
ender,
konnor,
nile,
zealand,
zymir,
arrow,
honor,
jaylon,
kamron,
linkin,
tyree,
ved,
yasir,
brysen,
kalvin,
kasey,
roan,
teagan,
vladimir,
westen,
anas,
ayman,
brighton,
jiovanni,
rico,
vernon,
youssef,
atreyu,
azai,
craig,
elvis,
eros,
glenn,
izayah,
journey,
khamari,
kylin,
massiah,
rush,
zaylen,
barry,
bernardo,
huck,
jamarion,
karmelo,
keagan,
oskar,
reynaldo,
ripp,
sir,
avyan,
baron,
brantlee,
clinton,
cristopher,
destin,
eliyahu,
emrys,
ewan,
ismail,
agastya,
cam,
camren,
damion,
demir,
gerard,
jonathon,
taysom,
townes,
izael,
kreed,
kyrin,
malek,
ranger,
sammy,
scout,
cree,
deion,
jacobi,
jayvion,
jeriah,
jovan,
kaleo,
kiran,
mael,
makhi,
malikai,
mazi,
octavio,
osvaldo,
renzo,
guy,
humberto,
kamarion,
stellan,
alder,
bailey,
devonte,
emmet,
german,
jaylin,
kassius,
ramses,
yair,
aariv,
deegan,
hagen,
karl,
kelly,
mauro,
quinten,
todd,
aamir,
cecil,
haiden,
jules,
kodi,
ozzie,
yakov,
yasin,
aaryan,
arnold,
artemis,
channing,
kaeden,
linden,
maverik,
steele,
zakariya,
armaan,
axell,
derick,
dev,
finneas,
geovanni,
lenny,
linus,
oziel,
revan,
rip,
camron,
elton,
gionni,
levon,
lloyd,
mikel,
montana,
vince,
donte,
eiden,
jettson,
kacen,
kentrell,
neal,
shay,
sultan,
valor,
aarush,
eddy,
khaled,
kysen,
yerik,
amado,
eitan,
hampton,
jean,
jireh,
lester,
presley,
akiva,
boyd,
dashiell,
jordyn,
slater,
wilmer,
armoni,
avrohom,
camryn,
giuseppe,
jahir,
keoni,
lyndon,
nakoa,
olin,
storm,
wolf,
aris,
corbyn,
eydan,
jaleel,
khyree,
krishiv,
kyngston,
shalom,
zyan,
brenden,
fynn,
kennedy,
lazaro,
auden,
coy,
darryl,
don,
jelani,
kiyan,
ransom,
xavien,
ayce,
brice,
khyson,
levy,
mahir,
nael,
noam,
syrus,
tyrell,
adnan,
alek,
archibald,
braiden,
cypress,
darnell,
jordi,
jru,
kyron,
leopold,
rishaan,
virgil,
zavion,